Ethiopia,Addis Ababa,Addis Ketema,Addis Ketema Woreda 1
Ethiopia,Addis Ababa,Addis Ketema,Addis Ketema Woreda 10
Ethiopia,Addis Ababa,Addis Ketema,Addis Ketema Woreda 11
Ethiopia,Addis Ababa,Addis Ketema,Addis Ketema Woreda 12
Ethiopia,Addis Ababa,Addis Ketema,Addis Ketema Woreda 13
Ethiopia,Addis Ababa,Addis Ketema,Addis Ketema Woreda 14
Ethiopia,Addis Ababa,Addis Ketema,Addis Ketema Woreda 2
Ethiopia,Addis Ababa,Addis Ketema,Addis Ketema Woreda 3
Ethiopia,Addis Ababa,Addis Ketema,Addis Ketema Woreda 4
Ethiopia,Addis Ababa,Addis Ketema,Addis Ketema Woreda 5
Ethiopia,Addis Ababa,Addis Ketema,Addis Ketema Woreda 6
Ethiopia,Addis Ababa,Addis Ketema,Addis Ketema Woreda 7
Ethiopia,Addis Ababa,Addis Ketema,Addis Ketema Woreda 8
Ethiopia,Addis Ababa,Addis Ketema,Addis Ketema Woreda 9
Ethiopia,Addis Ababa,Akaki Kality,Akaki Kality Woreda 1
Ethiopia,Addis Ababa,Akaki Kality,Akaki Kality Woreda 10
Ethiopia,Addis Ababa,Akaki Kality,Akaki Kality Woreda 11
Ethiopia,Addis Ababa,Akaki Kality,Akaki Kality Woreda 12
Ethiopia,Addis Ababa,Akaki Kality,Akaki Kality Woreda 13
Ethiopia,Addis Ababa,Akaki Kality,Akaki Kality Woreda 14
Ethiopia,Addis Ababa,Akaki Kality,Akaki Kality Woreda 2
Ethiopia,Addis Ababa,Akaki Kality,Akaki Kality Woreda 3
Ethiopia,Addis Ababa,Akaki Kality,Akaki Kality Woreda 4
Ethiopia,Addis Ababa,Akaki Kality,Akaki Kality Woreda 5
Ethiopia,Addis Ababa,Akaki Kality,Akaki Kality Woreda 6
Ethiopia,Addis Ababa,Akaki Kality,Akaki Kality Woreda 7
Ethiopia,Addis Ababa,Akaki Kality,Akaki Kality Woreda 8
Ethiopia,Addis Ababa,Akaki Kality,Akaki Kality Woreda 9
Ethiopia,Addis Ababa,Arada,Arada Woreda 1
Ethiopia,Addis Ababa,Arada,Arada Woreda 10
Ethiopia,Addis Ababa,Arada,Arada Woreda 2
Ethiopia,Addis Ababa,Arada,Arada Woreda 3
Ethiopia,Addis Ababa,Arada,Arada Woreda 4
Ethiopia,Addis Ababa,Arada,Arada Woreda 5
Ethiopia,Addis Ababa,Arada,Arada Woreda 6
Ethiopia,Addis Ababa,Arada,Arada Woreda 7
Ethiopia,Addis Ababa,Arada,Arada Woreda 8
Ethiopia,Addis Ababa,Arada,Arada Woreda 9
Ethiopia,Addis Ababa,Bole,Bole Woreda 1
Ethiopia,Addis Ababa,Bole,Bole Woreda 10
Ethiopia,Addis Ababa,Bole,Bole Woreda 11
Ethiopia,Addis Ababa,Bole,Bole Woreda 12
Ethiopia,Addis Ababa,Bole,Bole Woreda 13
Ethiopia,Addis Ababa,Bole,Bole Woreda 14
Ethiopia,Addis Ababa,Bole,Bole Woreda 2
Ethiopia,Addis Ababa,Bole,Bole Woreda 3
Ethiopia,Addis Ababa,Bole,Bole Woreda 4
Ethiopia,Addis Ababa,Bole,Bole Woreda 5
Ethiopia,Addis Ababa,Bole,Bole Woreda 6
Ethiopia,Addis Ababa,Bole,Bole Woreda 7
Ethiopia,Addis Ababa,Bole,Bole Woreda 8
Ethiopia,Addis Ababa,Bole,Bole Woreda 9
Ethiopia,Addis Ababa,Gulele,Gulele Woreda 1
Ethiopia,Addis Ababa,Gulele,Gulele Woreda 10
Ethiopia,Addis Ababa,Gulele,Gulele Woreda 11
Ethiopia,Addis Ababa,Gulele,Gulele Woreda 12
Ethiopia,Addis Ababa,Gulele,Gulele Woreda 13
Ethiopia,Addis Ababa,Gulele,Gulele Woreda 14
Ethiopia,Addis Ababa,Gulele,Gulele Woreda 15
Ethiopia,Addis Ababa,Gulele,Gulele Woreda 2
Ethiopia,Addis Ababa,Gulele,Gulele Woreda 3
Ethiopia,Addis Ababa,Gulele,Gulele Woreda 4
Ethiopia,Addis Ababa,Gulele,Gulele Woreda 5
Ethiopia,Addis Ababa,Gulele,Gulele Woreda 6
Ethiopia,Addis Ababa,Gulele,Gulele Woreda 7
Ethiopia,Addis Ababa,Gulele,Gulele Woreda 8
Ethiopia,Addis Ababa,Gulele,Gulele Woreda 9
Ethiopia,Addis Ababa,Kirkos,Kirkos Woreda 1
Ethiopia,Addis Ababa,Kirkos,Kirkos Woreda 10
Ethiopia,Addis Ababa,Kirkos,Kirkos Woreda 11
Ethiopia,Addis Ababa,Kirkos,Kirkos Woreda 2
Ethiopia,Addis Ababa,Kirkos,Kirkos Woreda 3
Ethiopia,Addis Ababa,Kirkos,Kirkos Woreda 4
Ethiopia,Addis Ababa,Kirkos,Kirkos Woreda 5
Ethiopia,Addis Ababa,Kirkos,Kirkos Woreda 6
Ethiopia,Addis Ababa,Kirkos,Kirkos Woreda 7
Ethiopia,Addis Ababa,Kirkos,Kirkos Woreda 8
Ethiopia,Addis Ababa,Kirkos,Kirkos Woreda 9
Ethiopia,Addis Ababa,Kolfe Keraniyo,Kolfe Keraniyo Woreda 1
Ethiopia,Addis Ababa,Kolfe Keraniyo,Kolfe Keraniyo Woreda 10
Ethiopia,Addis Ababa,Kolfe Keraniyo,Kolfe Keraniyo Woreda 11
Ethiopia,Addis Ababa,Kolfe Keraniyo,Kolfe Keraniyo Woreda 12
Ethiopia,Addis Ababa,Kolfe Keraniyo,Kolfe Keraniyo Woreda 13
Ethiopia,Addis Ababa,Kolfe Keraniyo,Kolfe Keraniyo Woreda 14
Ethiopia,Addis Ababa,Kolfe Keraniyo,Kolfe Keraniyo Woreda 2
Ethiopia,Addis Ababa,Kolfe Keraniyo,Kolfe Keraniyo Woreda 3
Ethiopia,Addis Ababa,Kolfe Keraniyo,Kolfe Keraniyo Woreda 4
Ethiopia,Addis Ababa,Kolfe Keraniyo,Kolfe Keraniyo Woreda 5
Ethiopia,Addis Ababa,Kolfe Keraniyo,Kolfe Keraniyo Woreda 6
Ethiopia,Addis Ababa,Kolfe Keraniyo,Kolfe Keraniyo Woreda 7
Ethiopia,Addis Ababa,Kolfe Keraniyo,Kolfe Keraniyo Woreda 8
Ethiopia,Addis Ababa,Kolfe Keraniyo,Kolfe Keraniyo Woreda 9
Ethiopia,Addis Ababa,Lemi Kura,Lemi Kura Woreda 1
Ethiopia,Addis Ababa,Lemi Kura,Lemi Kura Woreda 10
Ethiopia,Addis Ababa,Lemi Kura,Lemi Kura Woreda 11
Ethiopia,Addis Ababa,Lemi Kura,Lemi Kura Woreda 12
Ethiopia,Addis Ababa,Lemi Kura,Lemi Kura Woreda 13
Ethiopia,Addis Ababa,Lemi Kura,Lemi Kura Woreda 14
Ethiopia,Addis Ababa,Lemi Kura,Lemi Kura Woreda 2
Ethiopia,Addis Ababa,Lemi Kura,Lemi Kura Woreda 3
Ethiopia,Addis Ababa,Lemi Kura,Lemi Kura Woreda 4
Ethiopia,Addis Ababa,Lemi Kura,Lemi Kura Woreda 5
Ethiopia,Addis Ababa,Lemi Kura,Lemi Kura Woreda 6
Ethiopia,Addis Ababa,Lemi Kura,Lemi Kura Woreda 7
Ethiopia,Addis Ababa,Lemi Kura,Lemi Kura Woreda 8
Ethiopia,Addis Ababa,Lemi Kura,Lemi Kura Woreda 9
Ethiopia,Addis Ababa,Lideta,Lideta Woreda 1
Ethiopia,Addis Ababa,Lideta,Lideta Woreda 10
Ethiopia,Addis Ababa,Lideta,Lideta Woreda 2
Ethiopia,Addis Ababa,Lideta,Lideta Woreda 3
Ethiopia,Addis Ababa,Lideta,Lideta Woreda 4
Ethiopia,Addis Ababa,Lideta,Lideta Woreda 5
Ethiopia,Addis Ababa,Lideta,Lideta Woreda 6
Ethiopia,Addis Ababa,Lideta,Lideta Woreda 7
Ethiopia,Addis Ababa,Lideta,Lideta Woreda 8
Ethiopia,Addis Ababa,Lideta,Lideta Woreda 9
Ethiopia,Addis Ababa,Nefas Silk-Lafto,Nefas Silk-Lafto Woreda 1
Ethiopia,Addis Ababa,Nefas Silk-Lafto,Nefas Silk-Lafto Woreda 10
Ethiopia,Addis Ababa,Nefas Silk-Lafto,Nefas Silk-Lafto Woreda 11
Ethiopia,Addis Ababa,Nefas Silk-Lafto,Nefas Silk-Lafto Woreda 12
Ethiopia,Addis Ababa,Nefas Silk-Lafto,Nefas Silk-Lafto Woreda 13
Ethiopia,Addis Ababa,Nefas Silk-Lafto,Nefas Silk-Lafto Woreda 2
Ethiopia,Addis Ababa,Nefas Silk-Lafto,Nefas Silk-Lafto Woreda 3
Ethiopia,Addis Ababa,Nefas Silk-Lafto,Nefas Silk-Lafto Woreda 4
Ethiopia,Addis Ababa,Nefas Silk-Lafto,Nefas Silk-Lafto Woreda 5
Ethiopia,Addis Ababa,Nefas Silk-Lafto,Nefas Silk-Lafto Woreda 6
Ethiopia,Addis Ababa,Nefas Silk-Lafto,Nefas Silk-Lafto Woreda 7
Ethiopia,Addis Ababa,Nefas Silk-Lafto,Nefas Silk-Lafto Woreda 8
Ethiopia,Addis Ababa,Nefas Silk-Lafto,Nefas Silk-Lafto Woreda 9
Ethiopia,Addis Ababa,Yeka,Yeka Woreda 1
Ethiopia,Addis Ababa,Yeka,Yeka Woreda 10
Ethiopia,Addis Ababa,Yeka,Yeka Woreda 11
Ethiopia,Addis Ababa,Yeka,Yeka Woreda 12
Ethiopia,Addis Ababa,Yeka,Yeka Woreda 13
Ethiopia,Addis Ababa,Yeka,Yeka Woreda 2
Ethiopia,Addis Ababa,Yeka,Yeka Woreda 3
Ethiopia,Addis Ababa,Yeka,Yeka Woreda 4
Ethiopia,Addis Ababa,Yeka,Yeka Woreda 5
Ethiopia,Addis Ababa,Yeka,Yeka Woreda 6
Ethiopia,Addis Ababa,Yeka,Yeka Woreda 7
Ethiopia,Addis Ababa,Yeka,Yeka Woreda 8
Ethiopia,Addis Ababa,Yeka,Yeka Woreda 9
Ethiopia,Afar,Zone 01 Zone,Adaar Woreda
Ethiopia,Afar,Zone 01 Zone,Afambo Woreda
Ethiopia,Afar,Zone 01 Zone,Ayssaita Woreda
Ethiopia,Afar,Zone 01 Zone,bidu Woreda
Ethiopia,Afar,Zone 01 Zone,Chefera Woreda
Ethiopia,Afar,Zone 01 Zone,Dubti Woreda
Ethiopia,Afar,Zone 01 Zone,Elidar Woreda
Ethiopia,Afar,Zone 01 Zone,kori Woreda
Ethiopia,Afar,Zone 01 Zone,Mile Woreda
Ethiopia,Afar,Zone 01 Zone,Semera_Logia Town Admin Woreda
Ethiopia,Afar,Zone 02 Zone,Abala Woreda
Ethiopia,Afar,Zone 02 Zone,Afdera Woreda
Ethiopia,Afar,Zone 02 Zone,Berhale Woreda
Ethiopia,Afar,Zone 02 Zone,Dalol Woreda
Ethiopia,Afar,Zone 02 Zone,Erebti Woreda
Ethiopia,Afar,Zone 02 Zone,Koneba Woreda
Ethiopia,Afar,Zone 02 Zone,Megale Woreda
Ethiopia,Afar,Zone 03 Zone,Amibara Woreda
Ethiopia,Afar,Zone 03 Zone,Argoba Liyu Woreda
Ethiopia,Afar,Zone 03 Zone,Awash Fentale Woreda
Ethiopia,Afar,Zone 03 Zone,Awash town admin Woreda
Ethiopia,Afar,Zone 03 Zone,Buremodaytu Woreda
Ethiopia,Afar,Zone 03 Zone,Dulecha Woreda
Ethiopia,Afar,Zone 03 Zone,Gewane Woreda
Ethiopia,Afar,Zone 04 Zone ,Awura Woreda
Ethiopia,Afar,Zone 04 Zone ,Ewa Woreda
Ethiopia,Afar,Zone 04 Zone ,Gulina Woreda
Ethiopia,Afar,Zone 04 Zone ,Teru Woreda
Ethiopia,Afar,Zone 04 Zone ,Yalo Woreda
Ethiopia,Afar,Zone 05 Zone,Dalifaghe Woreda
Ethiopia,Afar,Zone 05 Zone,Dewe Woreda
Ethiopia,Afar,Zone 05 Zone,Fursi Woreda
Ethiopia,Afar,Zone 05 Zone,Semurobi Woreda
Ethiopia,Afar,Zone 05 Zone,Telalak Woreda
Ethiopia,Amhara,Awi Zone,Agew Gimjabet Town
Ethiopia,Amhara,Awi Zone,Ankasha Guagusa Woreda
Ethiopia,Amhara,Awi Zone,Ayehu Guagusa Woreda
Ethiopia,Amhara,Awi Zone,Banja Shekudad Woreda
Ethiopia,Amhara,Awi Zone,Chagni Town Woreda
Ethiopia,Amhara,Awi Zone,Dangila Woreda
Ethiopia,Amhara,Awi Zone,Dangla Town Woreda
Ethiopia,Amhara,Awi Zone,Fagita Lekoma Woreda
Ethiopia,Amhara,Awi Zone,Guagusa Shikuda Woreda
Ethiopia,Amhara,Awi Zone,Guangua Woreda
Ethiopia,Amhara,Awi Zone,Injibara Town Woreda
Ethiopia,Amhara,Awi Zone,Jawi Woreda
Ethiopia,Amhara,Awi Zone,Zigem Town Woreda
Ethiopia,Amhara,Bahir Dar Town Adminstration,Bahir Dar Town Adminstration
Ethiopia,Amhara,Central Gondar Zone,Alefa Woreda
Ethiopia,Amhara,Central Gondar Zone,Central Armacho Woreda
Ethiopia,Amhara,Central Gondar Zone,Chilga Woreda
Ethiopia,Amhara,Central Gondar Zone,East Belesa Woreda
Ethiopia,Amhara,Central Gondar Zone,East Dembia Woreda
Ethiopia,Amhara,Central Gondar Zone,Gondar Zuriya Woreda
Ethiopia,Amhara,Central Gondar Zone,Kinfaze Begela Woreda
Ethiopia,Amhara,Central Gondar Zone,Lay Armacho Woreda
Ethiopia,Amhara,Central Gondar Zone,Nebaru Chilga Woreda
Ethiopia,Amhara,Central Gondar Zone,Tach Armacho Woreda
Ethiopia,Amhara,Central Gondar Zone,Takusa Woreda
Ethiopia,Amhara,Central Gondar Zone,Tegede Woreda
Ethiopia,Amhara,Central Gondar Zone,West Belesa Woreda
Ethiopia,Amhara,Central Gondar Zone,West Dembia Woreda
Ethiopia,Amhara,Central Gondar Zone,Wogera Woreda
Ethiopia,Amhara,Debre Birhan THO,Debrebrehan Town Woreda
Ethiopia,Amhara,Debre Markos THO,Debere Markos Town Woreda
Ethiopia,Amhara,Debretabor THO,Debretabor Town Woreda
Ethiopia,Amhara,Dessie Town Adminstration,Dessie Town Adminstration
Ethiopia,Amhara,East Gojam Zone,Aneded Woreda
Ethiopia,Amhara,East Gojam Zone,Awabel Woreda
Ethiopia,Amhara,East Gojam Zone,Baso Liben Woreda
Ethiopia,Amhara,East Gojam Zone,Bibugn Woreda
Ethiopia,Amhara,East Gojam Zone,Debay Tilatgin Woreda
Ethiopia,Amhara,East Gojam Zone,Debre Elias Woreda
Ethiopia,Amhara,East Gojam Zone,Debrework Town
Ethiopia,Amhara,East Gojam Zone,Dejen Woreda
Ethiopia,Amhara,East Gojam Zone,Enarj Enawga Woreda
Ethiopia,Amhara,East Gojam Zone,Enebse Sar Midir Woreda
Ethiopia,Amhara,East Gojam Zone,Enemay Woreda
Ethiopia,Amhara,East Gojam Zone,Goncha Siso Enese Woreda
Ethiopia,Amhara,East Gojam Zone,Gozamin Woreda
Ethiopia,Amhara,East Gojam Zone,Hulet Eju Enese Woreda
Ethiopia,Amhara,East Gojam Zone,Lumamie Town
Ethiopia,Amhara,East Gojam Zone,Machakel Woreda
Ethiopia,Amhara,East Gojam Zone,Mertolemariam Town
Ethiopia,Amhara,East Gojam Zone,Mota Town Woreda
Ethiopia,Amhara,East Gojam Zone,Sedie Woreda
Ethiopia,Amhara,East Gojam Zone,Shebel Berenta Woreda
Ethiopia,Amhara,East Gojam Zone,Sinan Woreda
Ethiopia,Amhara,East Gojam Zone,Yejubie Town
Ethiopia,Amhara,Gondar Town Adminstration,Gondar Town Adminstration
Ethiopia,Amhara,Kombolcha THO,Kombolcha Town Woreda
Ethiopia,Amhara,North Gonder Zone,Adi Arkay Woreda
Ethiopia,Amhara,North Gonder Zone,Beyeda Woreda
Ethiopia,Amhara,North Gonder Zone,Dabat Woreda
Ethiopia,Amhara,North Gonder Zone,Debark Woreda
Ethiopia,Amhara,North Gonder Zone,Debark Zuria Woreda
Ethiopia,Amhara,North Gonder Zone,Dembia Woreda
Ethiopia,Amhara,North Gonder Zone,Janamora Woreda
Ethiopia,Amhara,North Gonder Zone,Mirab Armachiho Woreda
Ethiopia,Amhara,North Gonder Zone,Mirab Belesa Woreda
Ethiopia,Amhara,North Gonder Zone,Misrak Belesa Woreda
Ethiopia,Amhara,North Gonder Zone,Telemt Woreda
Ethiopia,Amhara,North Gonder Zone,Wegera Woreda
Ethiopia,Amhara,North Shewa Zone,Alem Ketema Town
Ethiopia,Amhara,North Shewa Zone,Angolala Tera Woreda
Ethiopia,Amhara,North Shewa Zone,Ankober Woreda
Ethiopia,Amhara,North Shewa Zone,Antsokiyana Gemza Woreda
Ethiopia,Amhara,North Shewa Zone,Areriti Town
Ethiopia,Amhara,North Shewa Zone,Asagirt Woreda
Ethiopia,Amhara,North Shewa Zone,Ataye Town
Ethiopia,Amhara,North Shewa Zone,Basona Werana Woreda
Ethiopia,Amhara,North Shewa Zone,Berehet Woreda
Ethiopia,Amhara,North Shewa Zone,Debresina Town
Ethiopia,Amhara,North Shewa Zone,Deneba Town
Ethiopia,Amhara,North Shewa Zone,Efratana Gidim Woreda
Ethiopia,Amhara,North Shewa Zone,Ensaro Woreda
Ethiopia,Amhara,North Shewa Zone,Gishe Woreda
Ethiopia,Amhara,North Shewa Zone,Hagere Mariam Kesem Woreda
Ethiopia,Amhara,North Shewa Zone,Kewet Woreda
Ethiopia,Amhara,North Shewa Zone,Mehal Meda Town
Ethiopia,Amhara,North Shewa Zone,Menz Gera Midir Woreda
Ethiopia,Amhara,North Shewa Zone,Menz Keya Gebreal Woreda
Ethiopia,Amhara,North Shewa Zone,Menz Lalo Midir Woreda
Ethiopia,Amhara,North Shewa Zone,Menz Mama Midir Woreda
Ethiopia,Amhara,North Shewa Zone,Merhabete Woreda
Ethiopia,Amhara,North Shewa Zone,Mida Woremo Woreda
Ethiopia,Amhara,North Shewa Zone,Minjarina Shenkora Woreda
Ethiopia,Amhara,North Shewa Zone,Mojana Wodera Woreda
Ethiopia,Amhara,North Shewa Zone,Molalie Town
Ethiopia,Amhara,North Shewa Zone,Moretna Juru Woreda
Ethiopia,Amhara,North Shewa Zone,Saya Deberna Wayu Woreda
Ethiopia,Amhara,North Shewa Zone,Shewarobit Town Woreda
Ethiopia,Amhara,North Shewa Zone,Tarma Ber Woreda
Ethiopia,Amhara,North Wello Zone,Angot Woreda
Ethiopia,Amhara,North Wello Zone,Bugna Woreda
Ethiopia,Amhara,North Wello Zone,Dawnt Woreda
Ethiopia,Amhara,North Wello Zone,Gazo Woreda
Ethiopia,Amhara,North Wello Zone,Gidan Woreda
Ethiopia,Amhara,North Wello Zone,Gubalafto Woreda
Ethiopia,Amhara,North Wello Zone,Habru Woreda
Ethiopia,Amhara,North Wello Zone,Kobo Town Woreda
Ethiopia,Amhara,North Wello Zone,Lalibela Town Woreda
Ethiopia,Amhara,North Wello Zone,Lasta Woreda
Ethiopia,Amhara,North Wello Zone,Meket Woreda
Ethiopia,Amhara,North Wello Zone,Mersa Town
Ethiopia,Amhara,North Wello Zone,Raya Kobo Woreda
Ethiopia,Amhara,North Wello Zone,Wadla Woreda
Ethiopia,Amhara,Oromia Special Zone,Artuma Fursi Woreda
Ethiopia,Amhara,Oromia Special Zone,Bate Zuria Woreda
Ethiopia,Amhara,Oromia Special Zone,Bati Woreda
Ethiopia,Amhara,Oromia Special Zone,Dawa Chefa Woreda
Ethiopia,Amhara,Oromia Special Zone,Dewi Harewa Woreda
Ethiopia,Amhara,Oromia Special Zone,Jile Timuga Woreda
Ethiopia,Amhara,Oromia Special Zone,Kemise Town Woreda
Ethiopia,Amhara,South Gonder Zone,Andabet Woreda
Ethiopia,Amhara,South Gonder Zone,Dera Woreda
Ethiopia,Amhara,South Gonder Zone,Ebinat Woreda
Ethiopia,Amhara,South Gonder Zone,Estie Woreda
Ethiopia,Amhara,South Gonder Zone,Farta Woreda
Ethiopia,Amhara,South Gonder Zone,Fogera Woreda
Ethiopia,Amhara,South Gonder Zone,Guna begemider Woreda
Ethiopia,Amhara,South Gonder Zone,Lay Gayint Woreda
Ethiopia,Amhara,South Gonder Zone,Libokemkem Woreda
Ethiopia,Amhara,South Gonder Zone,Mirab Esta Woreda
Ethiopia,Amhara,South Gonder Zone,Misrak Este Woreda
Ethiopia,Amhara,South Gonder Zone,Sedie Muja Woreda
Ethiopia,Amhara,South Gonder Zone,Simada Woreda
Ethiopia,Amhara,South Gonder Zone,Tach Gayint Woreda
Ethiopia,Amhara,South Gonder Zone,Woreta Woreda
Ethiopia,Amhara,South Wello Zone,Albuko Woreda
Ethiopia,Amhara,South Wello Zone,Ambasel Woreda
Ethiopia,Amhara,South Wello Zone,Argoba Woreda
Ethiopia,Amhara,South Wello Zone,Borena Woreda
Ethiopia,Amhara,South Wello Zone,Debresina Woreda
Ethiopia,Amhara,South Wello Zone,Delanta Woreda
Ethiopia,Amhara,South Wello Zone,Dese Zuriya Woreda
Ethiopia,Amhara,South Wello Zone,Jama Woreda
Ethiopia,Amhara,South Wello Zone,Kalu Woreda
Ethiopia,Amhara,South Wello Zone,Kelela Woreda
Ethiopia,Amhara,South Wello Zone,Kutaber Woreda
Ethiopia,Amhara,South Wello Zone,Legahida Woreda
Ethiopia,Amhara,South Wello Zone,Legambo Woreda
Ethiopia,Amhara,South Wello Zone,Mehal Sayint Woreda
Ethiopia,Amhara,South Wello Zone,Mekdela Woreda
Ethiopia,Amhara,South Wello Zone,Sayint Woreda
Ethiopia,Amhara,South Wello Zone,Tehuledere Woreda
Ethiopia,Amhara,South Wello Zone,Tenta Woreda
Ethiopia,Amhara,South Wello Zone,Were Ilu Woreda
Ethiopia,Amhara,South Wello Zone,Werebabo Woreda
Ethiopia,Amhara,South Wello Zone,Wogidi Woreda
Ethiopia,Amhara,Wag Himra Zone,Abergele Woreda
Ethiopia,Amhara,Wag Himra Zone,Dehana Woreda
Ethiopia,Amhara,Wag Himra Zone,Gazgibla Woreda
Ethiopia,Amhara,Wag Himra Zone,Sehala Woreda
Ethiopia,Amhara,Wag Himra Zone,Sekota Town Woreda
Ethiopia,Amhara,Wag Himra Zone,Sekota Woreda
Ethiopia,Amhara,Wag Himra Zone,Sekota Zuria Woreda
Ethiopia,Amhara,Wag Himra Zone,Tsagibji Woreda
Ethiopia,Amhara,Wag Himra Zone,Ziquala Woreda
Ethiopia,Amhara,West Gojam Zone,Bahir Dar Zuriya Woreda
Ethiopia,Amhara,West Gojam Zone,Bure Zuria Woreda
Ethiopia,Amhara,West Gojam Zone,Burie Ketema Town Woreda
Ethiopia,Amhara,West Gojam Zone,Debub Achefer Woreda
Ethiopia,Amhara,West Gojam Zone,Dega Damot Woreda
Ethiopia,Amhara,West Gojam Zone,Dembecha Woreda
Ethiopia,Amhara,West Gojam Zone,Finote Selam Town Woreda
Ethiopia,Amhara,West Gojam Zone,Gonge Kolela Woreda
Ethiopia,Amhara,West Gojam Zone,Jabi Tehinan Woreda
Ethiopia,Amhara,West Gojam Zone,Mecha Woreda
Ethiopia,Amhara,West Gojam Zone,Quarit Woreda
Ethiopia,Amhara,West Gojam Zone,Sekela Woreda
Ethiopia,Amhara,West Gojam Zone,Semen Achefer Woreda
Ethiopia,Amhara,West Gojam Zone,Semen Mecha Woreda
Ethiopia,Amhara,West Gojam Zone,Wenberma Woreda
Ethiopia,Amhara,West Gojam Zone,Yilmana Densa Woreda
Ethiopia,Amhara,West Gondar Zone,Adagn Ager Chako Woreda
Ethiopia,Amhara,West Gondar Zone,Gendewuha Town Woreda
Ethiopia,Amhara,West Gondar Zone,Metema Woreda
Ethiopia,Amhara,West Gondar Zone,Mirab Armacho Woreda
Ethiopia,Amhara,West Gondar Zone,Quara Woreda
Ethiopia,Amhara,Woldia THO,Woldia Town Woreda
Ethiopia,Beneshangul Gumuz,Assosa Town Administration,Assosa Town Woreda 1
Ethiopia,Beneshangul Gumuz,Assosa Town Administration,Assosa Town Woreda 2
Ethiopia,Beneshangul Gumuz,Assosa Zone,Abrahamo Woreda
Ethiopia,Beneshangul Gumuz,Assosa Zone,Assosa Town Administration
Ethiopia,Beneshangul Gumuz,Assosa Zone,Assosa Woreda
Ethiopia,Beneshangul Gumuz,Assosa Zone,Bambasi Woreda
Ethiopia,Beneshangul Gumuz,Assosa Zone,Buldigilu Woreda
Ethiopia,Beneshangul Gumuz,Assosa Zone,Homosha Woreda
Ethiopia,Beneshangul Gumuz,Assosa Zone,Kurmuk Woreda
Ethiopia,Beneshangul Gumuz,Assosa Zone,Menge Woreda
Ethiopia,Beneshangul Gumuz,Assosa Zone,Oda Buldigilu Woreda
Ethiopia,Beneshangul Gumuz,Assosa Zone,Oura Woreda
Ethiopia,Beneshangul Gumuz,Assosa Zone,Sherkole Woreda
Ethiopia,Beneshangul Gumuz,Assosa Zone,undulu Woreda
Ethiopia,Beneshangul Gumuz,Gilgelbeles Town Administration,Gilgelbeles Town Woreda
Ethiopia,Beneshangul Gumuz,Kamashi Town Administration,Kamashi Town
Ethiopia,Beneshangul Gumuz,Kemashi Zone,Agalo Mete Woreda
Ethiopia,Beneshangul Gumuz,Kemashi Zone,Belo Jegenfoy Woreda
Ethiopia,Beneshangul Gumuz,Kemashi Zone,Dambe woreda
Ethiopia,Beneshangul Gumuz,Kemashi Zone,Kamishe Woreda
Ethiopia,Beneshangul Gumuz,Kemashi Zone,Mizhiga Woreda
Ethiopia,Beneshangul Gumuz,Kemashi Zone,Sedal Woreda
Ethiopia,Beneshangul Gumuz,Kemashi Zone,Sirba Abay Woreda
Ethiopia,Beneshangul Gumuz,Kemashi Zone,Yaso Woreda
Ethiopia,Beneshangul Gumuz,Kemashi Zone,Zay Woreda
Ethiopia,Beneshangul Gumuz,Mao Komo Special Woreda Zone,Mao Komo Special Woreda
Ethiopia,Beneshangul Gumuz,Metekel Zone,Bulen Woreda
Ethiopia,Beneshangul Gumuz,Metekel Zone,Dangur Woreda
Ethiopia,Beneshangul Gumuz,Metekel Zone,Dibate Woreda
Ethiopia,Beneshangul Gumuz,Metekel Zone,Guba Woreda
Ethiopia,Beneshangul Gumuz,Metekel Zone,Mandura Woreda
Ethiopia,Beneshangul Gumuz,Metekel Zone,Pawi Woreda
Ethiopia,Beneshangul Gumuz,Metekel Zone,Wenbera Woreda
Ethiopia,Central Ethiopia,East Gurage,Butajira Town Administration
Ethiopia,Central Ethiopia,East Gurage,East Meskan
Ethiopia,Central Ethiopia,East Gurage,Enseno Town Administration
Ethiopia,Central Ethiopia,East Gurage,Meskan
Ethiopia,Central Ethiopia,East Gurage,Sodo
Ethiopia,Central Ethiopia,East Gurage,South Sodo
Ethiopia,Central Ethiopia,Gurage,Abeshge
Ethiopia,Central Ethiopia,Gurage,Agena Town Administration
Ethiopia,Central Ethiopia,Gurage,Areket Town Administration
Ethiopia,Central Ethiopia,Gurage,Cheha
Ethiopia,Central Ethiopia,Gurage,Emdibir Town Administration
Ethiopia,Central Ethiopia,Gurage,Enidguagn
Ethiopia,Central Ethiopia,Gurage,Enor
Ethiopia,Central Ethiopia,Gurage,Enor Enner Meger
Ethiopia,Central Ethiopia,Gurage,Ezha
Ethiopia,Central Ethiopia,Gurage,Gedebano Gutazer Welene
Ethiopia,Central Ethiopia,Gurage,Geta
Ethiopia,Central Ethiopia,Gurage,Gumer
Ethiopia,Central Ethiopia,Gurage,Milhurna Aklil
Ethiopia,Central Ethiopia,Gurage,Wolkite Town Administration
Ethiopia,Central Ethiopia,Hadiya,Ameka
Ethiopia,Central Ethiopia,Hadiya,Ann Lemo
Ethiopia,Central Ethiopia,Hadiya,Bonosha Town Administration
Ethiopia,Central Ethiopia,Hadiya,Duna
Ethiopia,Central Ethiopia,Hadiya,East Badawacho
Ethiopia,Central Ethiopia,Hadiya,Fonko Town Administration
Ethiopia,Central Ethiopia,Hadiya,Gibe
Ethiopia,Central Ethiopia,Hadiya,Gimbichau Town Administration
Ethiopia,Central Ethiopia,Hadiya,Gombora
Ethiopia,Central Ethiopia,Hadiya,Homecho Town Administration
Ethiopia,Central Ethiopia,Hadiya,Hosaena Town Administration
Ethiopia,Central Ethiopia,Hadiya,Jajura Town Administration
Ethiopia,Central Ethiopia,Hadiya,Lemo
Ethiopia,Central Ethiopia,Hadiya,Mirab Soro
Ethiopia,Central Ethiopia,Hadiya,Misha
Ethiopia,Central Ethiopia,Hadiya,Shashago
Ethiopia,Central Ethiopia,Hadiya,Shone Town Administration
Ethiopia,Central Ethiopia,Hadiya,Siraro Badewacho
Ethiopia,Central Ethiopia,Hadiya,Soro
Ethiopia,Central Ethiopia,Hadiya,West Badewacho
Ethiopia,Central Ethiopia,Halaba,Atotii Ulo
Ethiopia,Central Ethiopia,Halaba,Halaba Kulito Town Administration
Ethiopia,Central Ethiopia,Halaba,Weeraa
Ethiopia,Central Ethiopia,Halaba,Weeraa Dijjoo
Ethiopia,Central Ethiopia,Kebena Special Woreda,Kebena
Ethiopia,Central Ethiopia,Kembata,Adilo Zuria
Ethiopia,Central Ethiopia,Kembata,Angacha
Ethiopia,Central Ethiopia,Kembata,Angacha Town Administration
Ethiopia,Central Ethiopia,Kembata,Demboya
Ethiopia,Central Ethiopia,Kembata,Demboya Town Administration
Ethiopia,Central Ethiopia,Kembata,Doyo Gena
Ethiopia,Central Ethiopia,Kembata,Durame Town Administration
Ethiopia,Central Ethiopia,Kembata,Hadero Town Administration
Ethiopia,Central Ethiopia,Kembata,Hadero Tunto Zuriya
Ethiopia,Central Ethiopia,Kembata,Kacha Birra
Ethiopia,Central Ethiopia,Kembata,Kedida Gamela 
Ethiopia,Central Ethiopia,Kembata,Shinshicho Town Administration 
Ethiopia,Central Ethiopia,Mareko Special Woreda,Koshe Town Administration
Ethiopia,Central Ethiopia,Mareko Special Woreda,Mareko
Ethiopia,Central Ethiopia,Silte,Alemgebeya Town Administration
Ethiopia,Central Ethiopia,Silte,Alicho Wiriro
Ethiopia,Central Ethiopia,Silte,Dalocha
Ethiopia,Central Ethiopia,Silte,Dalocha Town Administration
Ethiopia,Central Ethiopia,Silte,East Azernet Berbere
Ethiopia,Central Ethiopia,Silte,East Silti
Ethiopia,Central Ethiopia,Silte,Hulbarag
Ethiopia,Central Ethiopia,Silte,Kibet Town Administration
Ethiopia,Central Ethiopia,Silte,Lanfuro
Ethiopia,Central Ethiopia,Silte,Mitto
Ethiopia,Central Ethiopia,Silte,Sankura
Ethiopia,Central Ethiopia,Silte,Tora Town Administration
Ethiopia,Central Ethiopia,Silte,Werabe Town Administration
Ethiopia,Central Ethiopia,Silte,West Azernet
Ethiopia,Central Ethiopia,Silte,Worabe Town Administration
Ethiopia,Central Ethiopia,Tembaro Special WorHO,Mudula Town Administration
Ethiopia,Central Ethiopia,Tembaro Special WorHO,Tembaro
Ethiopia,Central Ethiopia,Yem,Deri Saja Zuria
Ethiopia,Central Ethiopia,Yem,Fofa
Ethiopia,Central Ethiopia,Yem,Saja Town Administration
Ethiopia,Central Ethiopia,Yem,Toba
Ethiopia,Dire Dawa,Dire Dawa,Addis Ketema Operational Woreda Health Office
Ethiopia,Dire Dawa,Dire Dawa,Biyoawale Operational Woreda Health Office
Ethiopia,Dire Dawa,Dire Dawa,Dire Dawa Operational Woreda Health Office
Ethiopia,Dire Dawa,Dire Dawa,Gendekore Operational Woreda Health Office
Ethiopia,Dire Dawa,Dire Dawa,Jeldessa Operational Woreda Health Office
Ethiopia,Dire Dawa,Dire Dawa,Legehare Operational Woreda Health Office
Ethiopia,Dire Dawa,Dire Dawa,Melkajebdu Operational Woreda Health Office
Ethiopia,Dire Dawa,Dire Dawa,Sabian Operational Woreda Health Office
Ethiopia,Dire Dawa,Dire Dawa,Wahil Operational Woreda Health Office
Ethiopia,Gambella,Angewak Zone,Abobo Woreda
Ethiopia,Gambella,Angewak Zone,Dimma Woreda
Ethiopia,Gambella,Angewak Zone,Gambela Zurya Woreda
Ethiopia,Gambella,Angewak Zone,Gog Woreda
Ethiopia,Gambella,Angewak Zone,Jor Woreda
Ethiopia,Gambella,Etang Specal Woreda Zone,Etang Special Woreda
Ethiopia,Gambella,Mejenger Zone,Godere Woreda
Ethiopia,Gambella,Mejenger Zone,Mengeshi Woreda
Ethiopia,Gambella,Nuwer Zone,Akobo Woreda
Ethiopia,Gambella,Nuwer Zone,Jikawo Woreda
Ethiopia,Gambella,Nuwer Zone,Lare Woreda
Ethiopia,Gambella,Nuwer Zone,Makuway Woreda
Ethiopia,Gambella,Nuwer Zone,Wantua Woreda
Ethiopia,Harari,Harari Zone,Abadir Woreda
Ethiopia,Harari,Harari Zone,Abubeker Woreda
Ethiopia,Harari,Harari Zone,Amir Nur Woreda
Ethiopia,Harari,Harari Zone,Dire Teyara Woreda
Ethiopia,Harari,Harari Zone,Erer Woreda
Ethiopia,Harari,Harari Zone,Gineela Woreda
Ethiopia,Harari,Harari Zone,Hakim Woreda
Ethiopia,Harari,Harari Zone,Shenkor Woreda
Ethiopia,Harari,Harari Zone,Sofi Woreda
Ethiopia,Oromiya,Adama Special Zone Zone,Adama Town
Ethiopia,Oromiya,Ambo Town Zone,Ambo Town
Ethiopia,Oromiya,Arsi Zone,Amigna Woreda
Ethiopia,Oromiya,Arsi Zone,Aseko Woreda
Ethiopia,Oromiya,Arsi Zone,Bele Gasgar Woreda
Ethiopia,Oromiya,Arsi Zone,Bokeji Town Woreda
Ethiopia,Oromiya,Arsi Zone,Chole Woreda
Ethiopia,Oromiya,Arsi Zone,Deksis Woreda
Ethiopia,Oromiya,Arsi Zone,Digeluna Tijo Woreda
Ethiopia,Oromiya,Arsi Zone,Dodota Woreda
Ethiopia,Oromiya,Arsi Zone,Enkelo Wabe Woreda
Ethiopia,Oromiya,Arsi Zone,Gololcha Woreda
Ethiopia,Oromiya,Arsi Zone,Guna Woreda
Ethiopia,Oromiya,Arsi Zone,Hitosa Woreda
Ethiopia,Oromiya,Arsi Zone,Jeju Woreda
Ethiopia,Oromiya,Arsi Zone,Limuna Bilbilo Woreda
Ethiopia,Oromiya,Arsi Zone,Lode Hetosa Woreda
Ethiopia,Oromiya,Arsi Zone,Merti Woreda
Ethiopia,Oromiya,Arsi Zone,Munesa Woreda
Ethiopia,Oromiya,Arsi Zone,Robe Woreda
Ethiopia,Oromiya,Arsi Zone,Seru Woreda
Ethiopia,Oromiya,Arsi Zone,Shanan Kolo
Ethiopia,Oromiya,Arsi Zone,Shirka Woreda
Ethiopia,Oromiya,Arsi Zone,Sire Woreda
Ethiopia,Oromiya,Arsi Zone,Sude Woreda
Ethiopia,Oromiya,Arsi Zone,Tena Woreda
Ethiopia,Oromiya,Arsi Zone,Tiyo Woreda
Ethiopia,Oromiya,Arsi Zone,Zeway Dugda Woreda
Ethiopia,Oromiya,Asella Town Special Zone Zone,Asela Town
Ethiopia,Oromiya,Bale Zone,Agarfa Woreda
Ethiopia,Oromiya,Bale Zone,Arena Buluq Woreda
Ethiopia,Oromiya,Bale Zone,Berbere Woreda
Ethiopia,Oromiya,Bale Zone,Delo Mena Woreda
Ethiopia,Oromiya,Bale Zone,Dinsho Woreda
Ethiopia,Oromiya,Bale Zone,Gasera Woreda
Ethiopia,Oromiya,Bale Zone,Goba Town Woreda
Ethiopia,Oromiya,Bale Zone,Goba Woreda
Ethiopia,Oromiya,Bale Zone,Goro Woreda
Ethiopia,Oromiya,Bale Zone,Gura Damole Woreda
Ethiopia,Oromiya,Bale Zone,Meda Welabu Woreda
Ethiopia,Oromiya,Bale Zone,Robe Town Woreda
Ethiopia,Oromiya,Bale Zone,Sinana Woreda
Ethiopia,Oromiya,Batu Town Zone,Batu Town
Ethiopia,Oromiya,Bishan Guracha Town Zone,Bishan Guracha Town
Ethiopia,Oromiya,Bishoftu Special Zone Zone,Bishoftu Town
Ethiopia,Oromiya,Borena Zone,Dillo Woreda
Ethiopia,Oromiya,Borena Zone,Dire Woreda
Ethiopia,Oromiya,Borena Zone,Dubuluk
Ethiopia,Oromiya,Borena Zone,Elwaye
Ethiopia,Oromiya,Borena Zone,Gomole
Ethiopia,Oromiya,Borena Zone,Guchi
Ethiopia,Oromiya,Borena Zone,Miyo Woreda
Ethiopia,Oromiya,Borena Zone,Moyale Woreda
Ethiopia,Oromiya,Borena Zone,Teltele Woreda
Ethiopia,Oromiya,Borena Zone,Yabello Woreda
Ethiopia,Oromiya,Borena Zone,Yabelo Woreda
Ethiopia,Oromiya,Buno Bedele Town Zone,Bedele Town Woreda
Ethiopia,Oromiya,Buno Bedele Town Zone,Bedele Zuria Woreda
Ethiopia,Oromiya,Buno Bedele Town Zone,Boricha Woreda
Ethiopia,Oromiya,Buno Bedele Town Zone,Chewaqa Woreda
Ethiopia,Oromiya,Buno Bedele Town Zone,Chora Woreda
Ethiopia,Oromiya,Buno Bedele Town Zone,Dabo Hana Woreda
Ethiopia,Oromiya,Buno Bedele Town Zone,Dedesa Woreda
Ethiopia,Oromiya,Buno Bedele Town Zone,Diga Woreda
Ethiopia,Oromiya,Buno Bedele Town Zone,Gechi Woreda
Ethiopia,Oromiya,Buno Bedele Town Zone,Meko Woreda
Ethiopia,Oromiya,Dukam Town Special Zone Zone,Dukem Town
Ethiopia,Oromiya,East Bale Zone,Dawe Kechen Woreda
Ethiopia,Oromiya,East Bale Zone,Dawe Serer Woreda
Ethiopia,Oromiya,East Bale Zone,Gindhir Woreda
Ethiopia,Oromiya,East Bale Zone,Ginnir Town Woreda
Ethiopia,Oromiya,East Bale Zone,Gololcha Woreda (Bale)
Ethiopia,Oromiya,East Bale Zone,Lega Hidha Woreda
Ethiopia,Oromiya,East Bale Zone,Raytu Woreda
Ethiopia,Oromiya,East Bale Zone,Seweyna Woreda
Ethiopia,Oromiya,East Borena Zone,Arero Woreda
Ethiopia,Oromiya,East Borena Zone,Dhaas Woreda
Ethiopia,Oromiya,East Borena Zone,Goro Dola Woreda
Ethiopia,Oromiya,East Borena Zone,Gumi Eldalo Woreda
Ethiopia,Oromiya,East Borena Zone,Liben Woreda
Ethiopia,Oromiya,East Borena Zone,Medawelabu Woreda
Ethiopia,Oromiya,East Borena Zone,Negele Town Woreda
Ethiopia,Oromiya,East Borena Zone,Wachile
Ethiopia,Oromiya,East Hararge Zone,Aweday Town Woreda
Ethiopia,Oromiya,East Hararge Zone,Babile Town
Ethiopia,Oromiya,East Hararge Zone,Babile Woreda
Ethiopia,Oromiya,East Hararge Zone,Bedeno Woreda
Ethiopia,Oromiya,East Hararge Zone,Chinaksen Woreda
Ethiopia,Oromiya,East Hararge Zone,Deder Town Woreda
Ethiopia,Oromiya,East Hararge Zone,Deder Woreda
Ethiopia,Oromiya,East Hararge Zone,Fedis Woreda
Ethiopia,Oromiya,East Hararge Zone,Girawa Woreda
Ethiopia,Oromiya,East Hararge Zone,Gole Oda Woreda
Ethiopia,Oromiya,East Hararge Zone,Goro Gutu Woreda
Ethiopia,Oromiya,East Hararge Zone,Goro Muti
Ethiopia,Oromiya,East Hararge Zone,Gursum Woreda
Ethiopia,Oromiya,East Hararge Zone,Haromaya Town Woreda
Ethiopia,Oromiya,East Hararge Zone,Haromaya Woreda
Ethiopia,Oromiya,East Hararge Zone,Jarso Woreda (Hararge)
Ethiopia,Oromiya,East Hararge Zone,Kombolcha Woreda
Ethiopia,Oromiya,East Hararge Zone,Kumbi Woreda
Ethiopia,Oromiya,East Hararge Zone,Kurfa Chele Woreda
Ethiopia,Oromiya,East Hararge Zone,Melka Belo Woreda
Ethiopia,Oromiya,East Hararge Zone,Meta Woreda
Ethiopia,Oromiya,East Hararge Zone,Meyu Muleke Woreda
Ethiopia,Oromiya,East Hararge Zone,Midega Tola Woreda
Ethiopia,Oromiya,East Hararge Zone,Qersa Woreda
Ethiopia,Oromiya,East Shewa Zone,Adaa Woreda
Ethiopia,Oromiya,East Shewa Zone,Adama Woreda
Ethiopia,Oromiya,East Shewa Zone,Adami Tulu Jido Kombolcha Woreda
Ethiopia,Oromiya,East Shewa Zone,Bora Woreda
Ethiopia,Oromiya,East Shewa Zone,Boset Woreda
Ethiopia,Oromiya,East Shewa Zone,Dugda Woreda
Ethiopia,Oromiya,East Shewa Zone,Fentale Woreda
Ethiopia,Oromiya,East Shewa Zone,Gimbichu Woreda
Ethiopia,Oromiya,East Shewa Zone,Liben Woreda
Ethiopia,Oromiya,East Shewa Zone,Lume Woreda
Ethiopia,Oromiya,East Shewa Zone,Metehara Town Woreda
Ethiopia,Oromiya,East Shewa Zone,Mojo Town Woreda
Ethiopia,Oromiya,East Shewa Zone,Zeway Batu Town Woreda
Ethiopia,Oromiya,East Wellega Zone,Bilo Bosha Woreda
Ethiopia,Oromiya,East Wellega Zone,Diga Woreda (East Wellega)
Ethiopia,Oromiya,East Wellega Zone,Ebantu Woreda
Ethiopia,Oromiya,East Wellega Zone,Gida Ayana Woreda
Ethiopia,Oromiya,East Wellega Zone,Gida Keremu Woreda
Ethiopia,Oromiya,East Wellega Zone,Gobu Seyo Woreda
Ethiopia,Oromiya,East Wellega Zone,Gudeya Bila Woreda
Ethiopia,Oromiya,East Wellega Zone,Guto Gida Woreda
Ethiopia,Oromiya,East Wellega Zone,Haro Limu Woreda
Ethiopia,Oromiya,East Wellega Zone,Jimma Arjo Woreda
Ethiopia,Oromiya,East Wellega Zone,Leqa Dulecha Woreda
Ethiopia,Oromiya,East Wellega Zone,Limu Woreda
Ethiopia,Oromiya,East Wellega Zone,Nekemte Town
Ethiopia,Oromiya,East Wellega Zone,Nunu Qumba Woreda
Ethiopia,Oromiya,East Wellega Zone,Sasiga Woreda
Ethiopia,Oromiya,East Wellega Zone,Sibu Sire Woreda
Ethiopia,Oromiya,East Wellega Zone,Wama Hage Woreda
Ethiopia,Oromiya,East Wellega Zone,Wayu Tuka Woreda
Ethiopia,Oromiya,Finifine Special Zone Zone,Akaki Woreda
Ethiopia,Oromiya,Finifine Special Zone Zone,Barak Haleltu Woreda
Ethiopia,Oromiya,Finifine Special Zone Zone,Holeta Woreda
Ethiopia,Oromiya,Finifine Special Zone Zone,Mulo Woreda
Ethiopia,Oromiya,Finifine Special Zone Zone,Sebeta Hawas Woreda
Ethiopia,Oromiya,Finifine Special Zone Zone,Sendafa Woreda
Ethiopia,Oromiya,Finifine Special Zone Zone,Sululta Woreda
Ethiopia,Oromiya,Finifine Special Zone Zone,Walmara Woreda
Ethiopia,Oromiya,Guji Zone,Adola Rural Woreda
Ethiopia,Oromiya,Guji Zone,Adola Town Woreda
Ethiopia,Oromiya,Guji Zone,Aga wayyu
Ethiopia,Oromiya,Guji Zone,Anna Sorra Woreda
Ethiopia,Oromiya,Guji Zone,Bore Woreda
Ethiopia,Oromiya,Guji Zone,Dama Woreda
Ethiopia,Oromiya,Guji Zone,Girja Woreda
Ethiopia,Oromiya,Guji Zone,Goro Dola Woreda
Ethiopia,Oromiya,Guji Zone,Gumi Eldalo
Ethiopia,Oromiya,Guji Zone,Haro walabu
Ethiopia,Oromiya,Guji Zone,Liben Woreda (Guji)
Ethiopia,Oromiya,Guji Zone,Negele Town Woreda
Ethiopia,Oromiya,Guji Zone,Seba Boru Woreda
Ethiopia,Oromiya,Guji Zone,Shakiso Town Woreda
Ethiopia,Oromiya,Guji Zone,Shakiso Woreda
Ethiopia,Oromiya,Guji Zone,Uraga Woreda
Ethiopia,Oromiya,Guji Zone,Wadera Woreda
Ethiopia,Oromiya,Holota Town Zone,Holota Town
Ethiopia,Oromiya,Horo Gudru Wellega Zone,Abay Chomen Woreda
Ethiopia,Oromiya,Horo Gudru Wellega Zone,Abe Dengoro Woreda
Ethiopia,Oromiya,Horo Gudru Wellega Zone,Amuru Woreda
Ethiopia,Oromiya,Horo Gudru Wellega Zone,Chomen Guduru
Ethiopia,Oromiya,Horo Gudru Wellega Zone,Guduru Woreda
Ethiopia,Oromiya,Horo Gudru Wellega Zone,Hababo Guduru Woreda
Ethiopia,Oromiya,Horo Gudru Wellega Zone,Horo Woreda
Ethiopia,Oromiya,Horo Gudru Wellega Zone,Horro Bulluq
Ethiopia,Oromiya,Horo Gudru Wellega Zone,Jardga Jarte Woreda
Ethiopia,Oromiya,Horo Gudru Wellega Zone,Jimma Geneti Woreda
Ethiopia,Oromiya,Horo Gudru Wellega Zone,Jimma Rare Woreda
Ethiopia,Oromiya,Horo Gudru Wellega Zone,Shambu Town Woreda
Ethiopia,Oromiya,Iluababora Zone,Ale Woreda
Ethiopia,Oromiya,Iluababora Zone,Alge Sachi Woreda
Ethiopia,Oromiya,Iluababora Zone,Becho Woreda
Ethiopia,Oromiya,Iluababora Zone,Bilo Nopha Woreda
Ethiopia,Oromiya,Iluababora Zone,Bure Woreda
Ethiopia,Oromiya,Iluababora Zone,Darimu Woreda
Ethiopia,Oromiya,Iluababora Zone,Didu Woreda
Ethiopia,Oromiya,Iluababora Zone,Doranii Woreda
Ethiopia,Oromiya,Iluababora Zone,Halu Woreda
Ethiopia,Oromiya,Iluababora Zone,Hurumu Woreda
Ethiopia,Oromiya,Iluababora Zone,Metu rural Woreda
Ethiopia,Oromiya,Iluababora Zone,Metu Town Woreda
Ethiopia,Oromiya,Iluababora Zone,Nonno Sale Woreda
Ethiopia,Oromiya,Iluababora Zone,Yayo Woreda
Ethiopia,Oromiya,Jimma Town Special Zone Zone,Jimma Town
Ethiopia,Oromiya,Jimma Zone,Agaro Town Woreda
Ethiopia,Oromiya,Jimma Zone,Botor Tolay
Ethiopia,Oromiya,Jimma Zone,Chora Boter Woreda
Ethiopia,Oromiya,Jimma Zone,Dedo Woreda
Ethiopia,Oromiya,Jimma Zone,Gera Woreda
Ethiopia,Oromiya,Jimma Zone,Gomma Woreda
Ethiopia,Oromiya,Jimma Zone,Guma Woreda
Ethiopia,Oromiya,Jimma Zone,Kersa Woreda
Ethiopia,Oromiya,Jimma Zone,Limu Kosa Woreda
Ethiopia,Oromiya,Jimma Zone,Limu Seka Woreda
Ethiopia,Oromiya,Jimma Zone,Mana Woreda
Ethiopia,Oromiya,Jimma Zone,Mencho
Ethiopia,Oromiya,Jimma Zone,Nono Benj Woreda
Ethiopia,Oromiya,Jimma Zone,Omo Beyam
Ethiopia,Oromiya,Jimma Zone,Omonada Woreda
Ethiopia,Oromiya,Jimma Zone,Seka Chokorsa Woreda
Ethiopia,Oromiya,Jimma Zone,Sekoru Woreda
Ethiopia,Oromiya,Jimma Zone,Setema Woreda
Ethiopia,Oromiya,Jimma Zone,Shebe Senbo Woreda
Ethiopia,Oromiya,Jimma Zone,Sigmo Woreda
Ethiopia,Oromiya,Jimma Zone,Tiro Afeta Woreda
Ethiopia,Oromiya,Kelem Wellega Zone,Anfilo Woreda
Ethiopia,Oromiya,Kelem Wellega Zone,Dale Sedi Woreda
Ethiopia,Oromiya,Kelem Wellega Zone,Dale Wabera Woreda
Ethiopia,Oromiya,Kelem Wellega Zone,Dembi Dolo Town Woreda
Ethiopia,Oromiya,Kelem Wellega Zone,Gawo Kebe Woreda
Ethiopia,Oromiya,Kelem Wellega Zone,Gidami Woreda
Ethiopia,Oromiya,Kelem Wellega Zone,Hawa Gelan Woreda
Ethiopia,Oromiya,Kelem Wellega Zone,Jimma Horo Woreda
Ethiopia,Oromiya,Kelem Wellega Zone,Lalo Qile Woreda
Ethiopia,Oromiya,Kelem Wellega Zone,Saden Chanaka
Ethiopia,Oromiya,Kelem Wellega Zone,Seyo Woreda
Ethiopia,Oromiya,Kelem Wellega Zone,Yemalogi Welel Woreda
Ethiopia,Oromiya,Mojo Town Zone,Mojo Town
Ethiopia,Oromiya,Nekemte Town Special Zone Zone,Nekemte Town (Nekemte)
Ethiopia,Oromiya,North Shewa Zone,Abichuna Gnea Woreda
Ethiopia,Oromiya,North Shewa Zone,Aleltu Woreda
Ethiopia,Oromiya,North Shewa Zone,Debre Libanos Woreda
Ethiopia,Oromiya,North Shewa Zone,Degem Woreda
Ethiopia,Oromiya,North Shewa Zone,Dera Woreda (Oromiya)
Ethiopia,Oromiya,North Shewa Zone,Fiche Town Woreda
Ethiopia,Oromiya,North Shewa Zone,Girar Jarso Woreda
Ethiopia,Oromiya,North Shewa Zone,Hidabu Abote Woreda
Ethiopia,Oromiya,North Shewa Zone,Jido Woreda
Ethiopia,Oromiya,North Shewa Zone,Kimbibit Woreda
Ethiopia,Oromiya,North Shewa Zone,Kuyu Woreda
Ethiopia,Oromiya,North Shewa Zone,Were Jarso Woreda
Ethiopia,Oromiya,North Shewa Zone,Wuchale Woreda
Ethiopia,Oromiya,North Shewa Zone,Yaya Gulele Woreda
Ethiopia,Oromiya,Robe Town Zone,Robe Town
Ethiopia,Oromiya,Shashemene Town Special Zone Zone,Shashamane Town
Ethiopia,Oromiya,Sheger City,Burayu Town
Ethiopia,Oromiya,Sheger City,Furi Subcity
Ethiopia,Oromiya,Sheger City,Gafarsa Guje Subcity
Ethiopia,Oromiya,Sheger City,Galan Guda Subcity
Ethiopia,Oromiya,Sheger City,Gelan Town
Ethiopia,Oromiya,Sheger City,Koye Fache Subcity
Ethiopia,Oromiya,Sheger City,Kura Jida Subcity
Ethiopia,Oromiya,Sheger City,Lega Tafo Lega Dadhi Town
Ethiopia,Oromiya,Sheger City,Malka Nono Subcity
Ethiopia,Oromiya,Sheger City,Mana Abichu Subcity
Ethiopia,Oromiya,Sheger City,Sebeta Town
Ethiopia,Oromiya,Sheger City,Sululta Town
Ethiopia,Oromiya,South West Shewa Zone,Ameya Woreda
Ethiopia,Oromiya,South West Shewa Zone,Becho Woreda (SW Shewa)
Ethiopia,Oromiya,South West Shewa Zone,Dawo Woreda
Ethiopia,Oromiya,South West Shewa Zone,Goro Woreda (SW Shewa)
Ethiopia,Oromiya,South West Shewa Zone,Ilu Woreda
Ethiopia,Oromiya,South West Shewa Zone,Kersana Malima Woreda
Ethiopia,Oromiya,South West Shewa Zone,Seden Sodo Woreda
Ethiopia,Oromiya,South West Shewa Zone,Sodo Dacha Woreda
Ethiopia,Oromiya,South West Shewa Zone,Tole Woreda
Ethiopia,Oromiya,South West Shewa Zone,Woliso Rural Woreda
Ethiopia,Oromiya,South West Shewa Zone,Woliso Town Woreda
Ethiopia,Oromiya,South West Shewa Zone,Wonchi Woreda
Ethiopia,Oromiya,West Arsi Zone,Adaba Woreda
Ethiopia,Oromiya,West Arsi Zone,Arsi Negele Woreda
Ethiopia,Oromiya,West Arsi Zone,Arsi Negelle Town Woreda
Ethiopia,Oromiya,West Arsi Zone,Bishan Guracha Woreda
Ethiopia,Oromiya,West Arsi Zone,Dodola Rural Woreda
Ethiopia,Oromiya,West Arsi Zone,Dodola Woreda
Ethiopia,Oromiya,West Arsi Zone,Gedeb Asasa Woreda
Ethiopia,Oromiya,West Arsi Zone,Kofele Woreda
Ethiopia,Oromiya,West Arsi Zone,Kokosa Woreda
Ethiopia,Oromiya,West Arsi Zone,Nensebo Woreda
Ethiopia,Oromiya,West Arsi Zone,Qore Woreda
Ethiopia,Oromiya,West Arsi Zone,Shala Woreda
Ethiopia,Oromiya,West Arsi Zone,Shashemene Zuria Woreda
Ethiopia,Oromiya,West Arsi Zone,Siraro Woreda
Ethiopia,Oromiya,West Arsi Zone,Wondo Woreda
Ethiopia,Oromiya,West Guji Zone,Abaya Woreda
Ethiopia,Oromiya,West Guji Zone,Birbirsa Kojowa
Ethiopia,Oromiya,West Guji Zone,Bule Hora Town Woreda
Ethiopia,Oromiya,West Guji Zone,Bule Hora Woreda
Ethiopia,Oromiya,West Guji Zone,Dugda Dawa Woreda
Ethiopia,Oromiya,West Guji Zone,Gelana Woreda
Ethiopia,Oromiya,West Guji Zone,Hambela Wemena Woreda
Ethiopia,Oromiya,West Guji Zone,Kercha Town
Ethiopia,Oromiya,West Guji Zone,Malka Soda Woreda
Ethiopia,Oromiya,West Guji Zone,Qercha Woreda
Ethiopia,Oromiya,West Guji Zone,Suro Barguda
Ethiopia,Oromiya,West Hararge Zone,Anchar Woreda
Ethiopia,Oromiya,West Hararge Zone,Bedesa Town Woreda
Ethiopia,Oromiya,West Hararge Zone,Boke Woreda
Ethiopia,Oromiya,West Hararge Zone,Buka Dhintu Woreda
Ethiopia,Oromiya,West Hararge Zone,Chiro Rural Woreda
Ethiopia,Oromiya,West Hararge Zone,Chiro Town Woreda
Ethiopia,Oromiya,West Hararge Zone,Daro Lebu Woreda
Ethiopia,Oromiya,West Hararge Zone,Doba Woreda
Ethiopia,Oromiya,West Hararge Zone,Gemechis Woreda
Ethiopia,Oromiya,West Hararge Zone,Guba Qoricha Woreda
Ethiopia,Oromiya,West Hararge Zone,Gumbi Bordode
Ethiopia,Oromiya,West Hararge Zone,Habro Woreda
Ethiopia,Oromiya,West Hararge Zone,Hawi Gudina Woreda
Ethiopia,Oromiya,West Hararge Zone,Mesela Woreda
Ethiopia,Oromiya,West Hararge Zone,Mieso Woreda
Ethiopia,Oromiya,West Hararge Zone,Oda Bultum Woreda
Ethiopia,Oromiya,West Hararge Zone,Tulo Woreda
Ethiopia,Oromiya,West Shewa Zone,Abuna Gindeberet Woreda
Ethiopia,Oromiya,West Shewa Zone,Adaa Berga Woreda
Ethiopia,Oromiya,West Shewa Zone,Ambo Town Woreda
Ethiopia,Oromiya,West Shewa Zone,Ambo Woreda
Ethiopia,Oromiya,West Shewa Zone,Bako Tibe Woreda
Ethiopia,Oromiya,West Shewa Zone,Chelia Woreda
Ethiopia,Oromiya,West Shewa Zone,Chobi
Ethiopia,Oromiya,West Shewa Zone,Dano Woreda
Ethiopia,Oromiya,West Shewa Zone,Dendi Woreda
Ethiopia,Oromiya,West Shewa Zone,Ejerie Woreda
Ethiopia,Oromiya,West Shewa Zone,Ejersa Lafo
Ethiopia,Oromiya,West Shewa Zone,Elfata Woreda
Ethiopia,Oromiya,West Shewa Zone,Elu Gelan Woreda
Ethiopia,Oromiya,West Shewa Zone,Ginde Beret Woreda
Ethiopia,Oromiya,West Shewa Zone,Jeldu Woreda
Ethiopia,Oromiya,West Shewa Zone,Jibat Woreda
Ethiopia,Oromiya,West Shewa Zone,Liban Jawi
Ethiopia,Oromiya,West Shewa Zone,Meta Robi Woreda
Ethiopia,Oromiya,West Shewa Zone,Meta Welkite
Ethiopia,Oromiya,West Shewa Zone,Midakegni Woreda
Ethiopia,Oromiya,West Shewa Zone,Nono Woreda
Ethiopia,Oromiya,West Shewa Zone,Tikur Enchini Woreda
Ethiopia,Oromiya,West Shewa Zone,Toke Kutaye Woreda
Ethiopia,Oromiya,West Wellega Zone,Ayira Woreda
Ethiopia,Oromiya,West Wellega Zone,Babo Gambel Woreda
Ethiopia,Oromiya,West Wellega Zone,Begi Woreda
Ethiopia,Oromiya,West Wellega Zone,Boji Cheqorsa Woreda
Ethiopia,Oromiya,West Wellega Zone,Boji Dermeji Woreda
Ethiopia,Oromiya,West Wellega Zone,Genji Woreda
Ethiopia,Oromiya,West Wellega Zone,Gimbi Town Woreda
Ethiopia,Oromiya,West Wellega Zone,Gimbi Woreda
Ethiopia,Oromiya,West Wellega Zone,Guliso Woreda
Ethiopia,Oromiya,West Wellega Zone,Haru Woreda
Ethiopia,Oromiya,West Wellega Zone,Homa Woreda
Ethiopia,Oromiya,West Wellega Zone,Jarso Woreda
Ethiopia,Oromiya,West Wellega Zone,Lalo Asabi Woreda
Ethiopia,Oromiya,West Wellega Zone,Leta Sibu
Ethiopia,Oromiya,West Wellega Zone,Mendi Town
Ethiopia,Oromiya,West Wellega Zone,Mene Sibu Woreda
Ethiopia,Oromiya,West Wellega Zone,Nedjo Rural Woreda
Ethiopia,Oromiya,West Wellega Zone,Nejo Woreda
Ethiopia,Oromiya,West Wellega Zone,Nole Kaba Woreda
Ethiopia,Oromiya,West Wellega Zone,Qiltu Kara Woreda
Ethiopia,Oromiya,West Wellega Zone,Qondala Woreda
Ethiopia,Oromiya,West Wellega Zone,Seyo Nole Woreda
Ethiopia,Oromiya,West Wellega Zone,Yubdo Woreda
Ethiopia,Oromiya,Woliso Town Zone,Woliso Town
Ethiopia,Sidama,Central Sidama,Arbegona
Ethiopia,Sidama,Central Sidama,Dale
Ethiopia,Sidama,Central Sidama,Darara
Ethiopia,Sidama,Central Sidama,Loka Abaya
Ethiopia,Sidama,Central Sidama,Shafamo
Ethiopia,Sidama,Central Sidama,Wensho
Ethiopia,Sidama,Central Sidama,Yirgalem Town Administration
Ethiopia,Sidama,Eastern Sidama,Aroressa 
Ethiopia,Sidama,Eastern Sidama,Bensa
Ethiopia,Sidama,Eastern Sidama,Bona Town Administration
Ethiopia,Sidama,Eastern Sidama,Bona Zuria
Ethiopia,Sidama,Eastern Sidama,Bura
Ethiopia,Sidama,Eastern Sidama,Chabe Gambeltu
Ethiopia,Sidama,Eastern Sidama,Chire
Ethiopia,Sidama,Eastern Sidama,Daela
Ethiopia,Sidama,Eastern Sidama,Daye Town Administration
Ethiopia,Sidama,Eastern Sidama,Hoko
Ethiopia,Sidama,Hawassa City Administration,Hawassa Town
Ethiopia,Sidama,Hawassa City Administration,Tula
Ethiopia,Sidama,Northern Sidama,Bilate Zuria
Ethiopia,Sidama,Northern Sidama,Borricha
Ethiopia,Sidama,Northern Sidama,Gorche
Ethiopia,Sidama,Northern Sidama,Hawassa Zuriya
Ethiopia,Sidama,Northern Sidama,Hawella
Ethiopia,Sidama,Northern Sidama,Leku Town Administration
Ethiopia,Sidama,Northern Sidama,Melga
Ethiopia,Sidama,Northern Sidama,Shebedino
Ethiopia,Sidama,Northern Sidama,Wondo Genet Town Administration
Ethiopia,Sidama,Northern Sidama,Wondogenet
Ethiopia,Sidama,Southern  Sidama,Aleta Chuko
Ethiopia,Sidama,Southern  Sidama,Aleta Chuko Town Administration
Ethiopia,Sidama,Southern  Sidama,Aleta Wondo
Ethiopia,Sidama,Southern  Sidama,Aleta Wondo Town Administration
Ethiopia,Sidama,Southern  Sidama,Bursa
Ethiopia,Sidama,Southern  Sidama,Chirone
Ethiopia,Sidama,Southern  Sidama,Dara
Ethiopia,Sidama,Southern  Sidama,Dara Otilcho
Ethiopia,Sidama,Southern  Sidama,Hulla
Ethiopia,Sidama,Southern  Sidama,Teticha
Ethiopia,Somali,Afder Zone,Bare Woreda
Ethiopia,Somali,Afder Zone,Dolobay Woreda
Ethiopia,Somali,Afder Zone,Gura Bekeksa Woreda
Ethiopia,Somali,Afder Zone,Gura Damole Woreda (Somali)
Ethiopia,Somali,Afder Zone,Hargelle Woreda
Ethiopia,Somali,Afder Zone,Qarsadula Woreda
Ethiopia,Somali,Afder Zone,Raso Woreda
Ethiopia,Somali,Afder Zone,Serer_Elkere Woreda
Ethiopia,Somali,Afder Zone,West Emi Woreda
Ethiopia,Somali,Afder Zone,Weyib Chereti Woreda
Ethiopia,Somali,Dollo Zone,Bokh Woreda
Ethiopia,Somali,Dollo Zone,Danot Woreda
Ethiopia,Somali,Dollo Zone,Daratole Woreda
Ethiopia,Somali,Dollo Zone,Dollo Woreda
Ethiopia,Somali,Dollo Zone,Galadi Woreda
Ethiopia,Somali,Faafan Zone,Awubere Woreda
Ethiopia,Somali,Faafan Zone,Babile Woreda (Somali)
Ethiopia,Somali,Faafan Zone,Gursum Woreda (Somali)
Ethiopia,Somali,Faafan Zone,Harshin Woreda
Ethiopia,Somali,Faafan Zone,Jijiga Woreda
Ethiopia,Somali,Faafan Zone,Kebri Beyah Woreda
Ethiopia,Somali,Faafan Zone,Tuliguled Woreda
Ethiopia,Somali,Jarar Zone,Ararso Woreda
Ethiopia,Somali,Jarar Zone,Aware Woreda
Ethiopia,Somali,Jarar Zone,Birqod Woreda
Ethiopia,Somali,Jarar Zone,Daroor Woreda
Ethiopia,Somali,Jarar Zone,Dhagamadow Woreda
Ethiopia,Somali,Jarar Zone,Gashamo Woreda
Ethiopia,Somali,Jarar Zone,Gunagado Woreda
Ethiopia,Somali,Jarar Zone,Jarar Woreda
Ethiopia,Somali,Jarar Zone,Yoale Woreda
Ethiopia,Somali,Korahe Zone,Debewoin Woreda
Ethiopia,Somali,Korahe Zone,Kebridehar Woreda
Ethiopia,Somali,Korahe Zone,Marsin Woreda
Ethiopia,Somali,Korahe Zone,Shaykosh Woreda
Ethiopia,Somali,Korahe Zone,Shilabo Woreda
Ethiopia,Somali,Liben Zone,Deksuftu Woreda
Ethiopia,Somali,Liben Zone,Dolo Odo Woreda
Ethiopia,Somali,Liben Zone,Filtu Woreda
Ethiopia,Somali,Liben Zone,Hudet Woreda
Ethiopia,Somali,Liben Zone,Moyale Woreda (Somali)
Ethiopia,Somali,Liben Zone,Mubarak Woreda
Ethiopia,Somali,Nogob Zone,Dhuhun Woreda
Ethiopia,Somali,Nogob Zone,Garbo Woreda
Ethiopia,Somali,Nogob Zone,Goljano Woreda
Ethiopia,Somali,Nogob Zone,Hamaro Woreda
Ethiopia,Somali,Nogob Zone,Lagahida Woreda
Ethiopia,Somali,Nogob Zone,Mayo Muluko Woreda
Ethiopia,Somali,Nogob Zone,Nogob Woreda
Ethiopia,Somali,Nogob Zone,Qubi Woreda
Ethiopia,Somali,Nogob Zone,Sagag Woreda
Ethiopia,Somali,Nogob Zone,Salahad Woreda
Ethiopia,Somali,Shebele Zone,Adadle Woreda
Ethiopia,Somali,Shebele Zone,Beranod Woreda
Ethiopia,Somali,Shebele Zone,Danan Woreda
Ethiopia,Somali,Shebele Zone,East Emi Woreda
Ethiopia,Somali,Shebele Zone,Elwayne Woreda
Ethiopia,Somali,Shebele Zone,Ferfer Woreda
Ethiopia,Somali,Shebele Zone,Gode Woreda
Ethiopia,Somali,Shebele Zone,Kalafo Woreda
Ethiopia,Somali,Shebele Zone,Mustahil Woreda
Ethiopia,Somali,Sitti Zone,Afdam Woreda
Ethiopia,Somali,Sitti Zone,Ayisha Woreda
Ethiopia,Somali,Sitti Zone,Denbel Woreda
Ethiopia,Somali,Sitti Zone,Erer Woreda (Somali)
Ethiopia,Somali,Sitti Zone,Hadigala Woreda
Ethiopia,Somali,Sitti Zone,Maiso Woreda
Ethiopia,Somali,Sitti Zone,Shinile Woreda
Ethiopia,South Ethiopia ,Ale,Ale
Ethiopia,South Ethiopia ,Ari,Baka Dawula
Ethiopia,South Ethiopia ,Ari,Gelila Town Administration
Ethiopia,South Ethiopia ,Ari,Jinka Town Administration
Ethiopia,South Ethiopia ,Ari,North Ari
Ethiopia,South Ethiopia ,Ari,South Ari
Ethiopia,South Ethiopia ,Ari,Woba Ari
Ethiopia,South Ethiopia ,Basketo,Laska Town Administration 
Ethiopia,South Ethiopia ,Burji,Soyama Town Administration
Ethiopia,South Ethiopia ,Burji,Soyama Zuria
Ethiopia,South Ethiopia ,Gamo,Arbaminch Town Administration
Ethiopia,South Ethiopia ,Gamo,Arbaminch Zuria
Ethiopia,South Ethiopia ,Gamo,Birbir Town Adminstration
Ethiopia,South Ethiopia ,Gamo,Bonke
Ethiopia,South Ethiopia ,Gamo,Boreda
Ethiopia,South Ethiopia ,Gamo,Chencha Town Adminstration
Ethiopia,South Ethiopia ,Gamo,Chencha Zuria
Ethiopia,South Ethiopia ,Gamo,Daramalo
Ethiopia,South Ethiopia ,Gamo,Dita
Ethiopia,South Ethiopia ,Gamo,Gacho Baba
Ethiopia,South Ethiopia ,Gamo,Garda Martha
Ethiopia,South Ethiopia ,Gamo,Gerese Town Administration
Ethiopia,South Ethiopia ,Gamo,Gerese Zuria
Ethiopia,South Ethiopia ,Gamo,Kamba Zuria
Ethiopia,South Ethiopia ,Gamo,Kemba Town Administration
Ethiopia,South Ethiopia ,Gamo,Kogota
Ethiopia,South Ethiopia ,Gamo,Kutcha Alpha
Ethiopia,South Ethiopia ,Gamo,Kutcha Zuria
Ethiopia,South Ethiopia ,Gamo,Mirab Abaya
Ethiopia,South Ethiopia ,Gamo,Selamber Town Administration
Ethiopia,South Ethiopia ,Gardula,Gidole
Ethiopia,South Ethiopia ,Gardula,Gidole Town Administration
Ethiopia,South Ethiopia ,Gedeo,Bule
Ethiopia,South Ethiopia ,Gedeo,Chelelektu Town Administration
Ethiopia,South Ethiopia ,Gedeo,Chorso
Ethiopia,South Ethiopia ,Gedeo,Dilla Town Administration
Ethiopia,South Ethiopia ,Gedeo,Dilla Zuria
Ethiopia,South Ethiopia ,Gedeo,Gedeb
Ethiopia,South Ethiopia ,Gedeo,Gedeb Town Administration
Ethiopia,South Ethiopia ,Gedeo,Kochore
Ethiopia,South Ethiopia ,Gedeo,Rape
Ethiopia,South Ethiopia ,Gedeo,Wenago
Ethiopia,South Ethiopia ,Gedeo,Wenago Town Administration
Ethiopia,South Ethiopia ,Gedeo,Yirgachefe
Ethiopia,South Ethiopia ,Gedeo,Yirgachefe Town Administration
Ethiopia,South Ethiopia ,Goffa,Beto Town Administration
Ethiopia,South Ethiopia ,Goffa,Bulki Town Administration
Ethiopia,South Ethiopia ,Goffa,Denba Gofa
Ethiopia,South Ethiopia ,Goffa,Geze Gofa
Ethiopia,South Ethiopia ,Goffa,Laha Town Administration
Ethiopia,South Ethiopia ,Goffa,Melekoza
Ethiopia,South Ethiopia ,Goffa,Melo Gada
Ethiopia,South Ethiopia ,Goffa,Oyida
Ethiopia,South Ethiopia ,Goffa,Sawla Town Administration
Ethiopia,South Ethiopia ,Goffa,Uba Debretsehay
Ethiopia,South Ethiopia ,Goffa,Zalla
Ethiopia,South Ethiopia ,Konso,Karat Town Administration
Ethiopia,South Ethiopia ,Konso,Karat Zuria
Ethiopia,South Ethiopia ,Konso,Kena
Ethiopia,South Ethiopia ,Konso,Kolme
Ethiopia,South Ethiopia ,Konso,Segen Zuria
Ethiopia,South Ethiopia ,Koore,Gorika
Ethiopia,South Ethiopia ,Koore,Kelle Town Administration
Ethiopia,South Ethiopia ,Koore,Sarmale
Ethiopia,South Ethiopia ,South Omo,Bena Tsemay
Ethiopia,South Ethiopia ,South Omo,Dasenech
Ethiopia,South Ethiopia ,South Omo,Hamer
Ethiopia,South Ethiopia ,South Omo,Malie
Ethiopia,South Ethiopia ,South Omo,Ngangatom
Ethiopia,South Ethiopia ,South Omo,Salamago
Ethiopia,South Ethiopia ,South Omo,Turmi Town Administration
Ethiopia,South Ethiopia ,Wolayita,Abala Abaya
Ethiopia,South Ethiopia ,Wolayita,Areka Town Administration
Ethiopia,South Ethiopia ,Wolayita,Bayira Koysha
Ethiopia,South Ethiopia ,Wolayita,Bele Hawassa Town Administration
Ethiopia,South Ethiopia ,Wolayita,Bodit Town Administration
Ethiopia,South Ethiopia ,Wolayita,Boloso Sore
Ethiopia,South Ethiopia ,Wolayita,Bolosso Bombe
Ethiopia,South Ethiopia ,Wolayita,Damot Gale
Ethiopia,South Ethiopia ,Wolayita,Damot Pulassa
Ethiopia,South Ethiopia ,Wolayita,Damot Sore
Ethiopia,South Ethiopia ,Wolayita,Damot Woyide
Ethiopia,South Ethiopia ,Wolayita,Duguna Fango
Ethiopia,South Ethiopia ,Wolayita,Gesuba Town Administration
Ethiopia,South Ethiopia ,Wolayita,Gununo Hamus Town Administration
Ethiopia,South Ethiopia ,Wolayita,Hobicha
Ethiopia,South Ethiopia ,Wolayita,Humbo
Ethiopia,South Ethiopia ,Wolayita,Kawo Koysha
Ethiopia,South Ethiopia ,Wolayita,Kindo Didaye
Ethiopia,South Ethiopia ,Wolayita,Kindo Koyisha
Ethiopia,South Ethiopia ,Wolayita,Offa
Ethiopia,South Ethiopia ,Wolayita,Sodo Town Administration
Ethiopia,South Ethiopia ,Wolayita,Sodo Zuriya
Ethiopia,South Ethiopia ,Wolayita,Tebela Town Administration
Ethiopia,Southwest Ethiopia,Bench Sheko,Gide Bench
Ethiopia,Southwest Ethiopia,Bench Sheko,Guraferda
Ethiopia,Southwest Ethiopia,Bench Sheko,Mizan Aman Town Administration
Ethiopia,Southwest Ethiopia,Bench Sheko,North Bench
Ethiopia,Southwest Ethiopia,Bench Sheko,Shebench
Ethiopia,Southwest Ethiopia,Bench Sheko,Sheko
Ethiopia,Southwest Ethiopia,Bench Sheko,Siz Town Administration
Ethiopia,Southwest Ethiopia,Bench Sheko,South Bench
Ethiopia,Southwest Ethiopia,Dawro,Disa
Ethiopia,Southwest Ethiopia,Dawro,Gena
Ethiopia,Southwest Ethiopia,Dawro,Gessa Town Administration
Ethiopia,Southwest Ethiopia,Dawro,Issara
Ethiopia,Southwest Ethiopia,Dawro,Kechi
Ethiopia,Southwest Ethiopia,Dawro,Loma
Ethiopia,Southwest Ethiopia,Dawro,Mareka
Ethiopia,Southwest Ethiopia,Dawro,Mari mansa
Ethiopia,Southwest Ethiopia,Dawro,Tercha Town Administration
Ethiopia,Southwest Ethiopia,Dawro,Tercha Zuria
Ethiopia,Southwest Ethiopia,Dawro,Tocha
Ethiopia,Southwest Ethiopia,Dawro,Zaba
Ethiopia,Southwest Ethiopia,Kaffa,Adiyo
Ethiopia,Southwest Ethiopia,Kaffa,Awurada Town Administration
Ethiopia,Southwest Ethiopia,Kaffa,Bita
Ethiopia,Southwest Ethiopia,Kaffa,Bonga Town Administration
Ethiopia,Southwest Ethiopia,Kaffa,Chena
Ethiopia,Southwest Ethiopia,Kaffa,Cheta
Ethiopia,Southwest Ethiopia,Kaffa,Decha
Ethiopia,Southwest Ethiopia,Kaffa,Deka Town Administration
Ethiopia,Southwest Ethiopia,Kaffa,Gesha
Ethiopia,Southwest Ethiopia,Kaffa,Gewata
Ethiopia,Southwest Ethiopia,Kaffa,Gimbo
Ethiopia,Southwest Ethiopia,Kaffa,Goba
Ethiopia,Southwest Ethiopia,Kaffa,Saylem
Ethiopia,Southwest Ethiopia,Kaffa,Shishinda Town Administration
Ethiopia,Southwest Ethiopia,Kaffa,Shishoende
Ethiopia,Southwest Ethiopia,Kaffa,Tello
Ethiopia,Southwest Ethiopia,Kaffa,Wacha Town Administration
Ethiopia,Southwest Ethiopia,Konta,Ameya Town Administration
Ethiopia,Southwest Ethiopia,Konta,Ameya Zuriya Woreda
Ethiopia,Southwest Ethiopia,Konta,Konta Koysha
Ethiopia,Southwest Ethiopia,Sheka,Anderacha
Ethiopia,Southwest Ethiopia,Sheka,Masha
Ethiopia,Southwest Ethiopia,Sheka,Masha Town Administration
Ethiopia,Southwest Ethiopia,Sheka,Teppi Town Administration
Ethiopia,Southwest Ethiopia,Sheka,Yeki
Ethiopia,Southwest Ethiopia,West Omo,Bachuma Town Administration
Ethiopia,Southwest Ethiopia,West Omo,Bero
Ethiopia,Southwest Ethiopia,West Omo,Gachit
Ethiopia,Southwest Ethiopia,West Omo,Gorigesha
Ethiopia,Southwest Ethiopia,West Omo,Jemu Town Administration
Ethiopia,Southwest Ethiopia,West Omo,Maji
Ethiopia,Southwest Ethiopia,West Omo,Maji-Tumi Town Administration
Ethiopia,Southwest Ethiopia,West Omo,Menit Goldia
Ethiopia,Southwest Ethiopia,West Omo,Menit Shasha
Ethiopia,Southwest Ethiopia,West Omo,Suri
Ethiopia,Tigray,Central Tigray Zone,Abergele Yechila Woreda
Ethiopia,Tigray,Central Tigray Zone,Abiyi Adi Town Woreda
Ethiopia,Tigray,Central Tigray Zone,Adiet Woreda
Ethiopia,Tigray,Central Tigray Zone,Adwa Woreda
Ethiopia,Tigray,Central Tigray Zone,Ahiferom Woreda
Ethiopia,Tigray,Central Tigray Zone,Ahsea Woreda
Ethiopia,Tigray,Central Tigray Zone,Axum Town Woreda
Ethiopia,Tigray,Central Tigray Zone,Chilla Woreda
Ethiopia,Tigray,Central Tigray Zone,Edaga Arbi Woreda
Ethiopia,Tigray,Central Tigray Zone,Egela Woreda
Ethiopia,Tigray,Central Tigray Zone,Embaseneyti Woreda
Ethiopia,Tigray,Central Tigray Zone,Enticho Town Woreda
Ethiopia,Tigray,Central Tigray Zone,Hahayle Woreda
Ethiopia,Tigray,Central Tigray Zone,Keyih Tekli Woreda
Ethiopia,Tigray,Central Tigray Zone,Kola Temben Woreda
Ethiopia,Tigray,Central Tigray Zone,Lailay Mayichew Woreda
Ethiopia,Tigray,Central Tigray Zone,May Kenetal Woreda
Ethiopia,Tigray,Central Tigray Zone,Mereb Leha Woreda
Ethiopia,Tigray,Central Tigray Zone,Naedier Woreda
Ethiopia,Tigray,Central Tigray Zone,Nebelet Woreda
Ethiopia,Tigray,Central Tigray Zone,Rama Adi Arbaete Woreda
Ethiopia,Tigray,Central Tigray Zone,Rural Adwa Woreda
Ethiopia,Tigray,Central Tigray Zone,Tahitay Maychew Woreda
Ethiopia,Tigray,Central Tigray Zone,Tankua Mlash Woreda
Ethiopia,Tigray,Central Tigray Zone,Wereilehi Woreda
Ethiopia,Tigray,Eastern Tigray Zone,Adigirat Town Woreda
Ethiopia,Tigray,Eastern Tigray Zone,Atsbi Endasilase Woreda
Ethiopia,Tigray,Eastern Tigray Zone,Atsbi Wonberta Woreda
Ethiopia,Tigray,Eastern Tigray Zone,Bizet Woreda
Ethiopia,Tigray,Eastern Tigray Zone,Edaga Hamus Woreda
Ethiopia,Tigray,Eastern Tigray Zone,Erop Woreda
Ethiopia,Tigray,Eastern Tigray Zone,Freweyni Town Woreda
Ethiopia,Tigray,Eastern Tigray Zone,Ganta Afeshum Woreda
Ethiopia,Tigray,Eastern Tigray Zone,Gerealta Woreda
Ethiopia,Tigray,Eastern Tigray Zone,Gulo Meheda Woreda
Ethiopia,Tigray,Eastern Tigray Zone,Hawzen Town Woreda
Ethiopia,Tigray,Eastern Tigray Zone,Hawzen Woreda
Ethiopia,Tigray,Eastern Tigray Zone,Klite Awlalo Woreda
Ethiopia,Tigray,Eastern Tigray Zone,Sewha Saesie Woreda
Ethiopia,Tigray,Eastern Tigray Zone,Tsaeda Emba Woreda
Ethiopia,Tigray,Eastern Tigray Zone,Tsirae Wonberta Woreda
Ethiopia,Tigray,Eastern Tigray Zone,Wekero Town Woreda
Ethiopia,Tigray,Eastern Tigray Zone,Zalanbesa Town Woreda
Ethiopia,Tigray,Mekelle City Administration Zone,Adihaki Woreda
Ethiopia,Tigray,Mekelle City Administration Zone,Ayder Woreda
Ethiopia,Tigray,Mekelle City Administration Zone,Hadent Woreda
Ethiopia,Tigray,Mekelle City Administration Zone,Haweliti Woreda
Ethiopia,Tigray,Mekelle City Administration Zone,Mekelle Woreda
Ethiopia,Tigray,Mekelle City Administration Zone,Qdemay Woyan Woreda
Ethiopia,Tigray,Mekelle City Administration Zone,Quha Woreda
Ethiopia,Tigray,Mekelle City Administration Zone,Semen Woreda
Ethiopia,Tigray,North West Tigray Zone,Adi Daero Town Woreda
Ethiopia,Tigray,North West Tigray Zone,Asgede Woreda
Ethiopia,Tigray,North West Tigray Zone,Endabaguna Town Woreda
Ethiopia,Tigray,North West Tigray Zone,Laelay Adiabo Woreda
Ethiopia,Tigray,North West Tigray Zone,Laelay Qoraro Woreda
Ethiopia,Tigray,North West Tigray Zone,Laelay Tselemti Woreda
Ethiopia,Tigray,North West Tigray Zone,Maekel Adiabo Woreda
Ethiopia,Tigray,North West Tigray Zone,May tsebri Town Woreda
Ethiopia,Tigray,North West Tigray Zone,Medebay Zana Woreda
Ethiopia,Tigray,North West Tigray Zone,Seyemti Adiabo Woreda
Ethiopia,Tigray,North West Tigray Zone,Shiraro Town Woreda
Ethiopia,Tigray,North West Tigray Zone,Shire Enida Silase Town Woreda
Ethiopia,Tigray,North West Tigray Zone,Tahitay Adiyabo Woreda
Ethiopia,Tigray,North West Tigray Zone,Tahitay Koraro Woreda
Ethiopia,Tigray,North West Tigray Zone,Tselemt Woreda
Ethiopia,Tigray,North West Tigray Zone,Tsimbla Woreda
Ethiopia,Tigray,South East Tigray Zone,Adigudom Woreda
Ethiopia,Tigray,South East Tigray Zone,Degua Temben Woreda
Ethiopia,Tigray,South East Tigray Zone,Enderta Woreda
Ethiopia,Tigray,South East Tigray Zone,Hagere Selam Town Woreda
Ethiopia,Tigray,South East Tigray Zone,Hintalo Woreda
Ethiopia,Tigray,South East Tigray Zone,Samre Woreda
Ethiopia,Tigray,South East Tigray Zone,Seharti Woreda
Ethiopia,Tigray,South East Tigray Zone,Wajerat Woreda
Ethiopia,Tigray,South Tigray Zone,Alamata Town Woreda
Ethiopia,Tigray,South Tigray Zone,Bora Woreda (Tigray)
Ethiopia,Tigray,South Tigray Zone,Emba Alaje Woreda
Ethiopia,Tigray,South Tigray Zone,Endamehoni Woreda
Ethiopia,Tigray,South Tigray Zone,Korem Town Woreda
Ethiopia,Tigray,South Tigray Zone,Maychew Town Woreda
Ethiopia,Tigray,South Tigray Zone,Mokoni Town Woreda
Ethiopia,Tigray,South Tigray Zone,Nek Sege Woreda
Ethiopia,Tigray,South Tigray Zone,Ofla Woreda
Ethiopia,Tigray,South Tigray Zone,Raya Alamata Woreda
Ethiopia,Tigray,South Tigray Zone,Raya Azebo Woreda
Ethiopia,Tigray,South Tigray Zone,Raya Chercher Woreda
Ethiopia,Tigray,South Tigray Zone,Selawa Woreda
Ethiopia,Tigray,South Tigray Zone,Zata Woreda
Ethiopia,Tigray,Western Tigray Zone,Awra Woreda
Ethiopia,Tigray,Western Tigray Zone,Dansha Town Woreda
Ethiopia,Tigray,Western Tigray Zone,Humera Town Woreda
Ethiopia,Tigray,Western Tigray Zone,Kafta Humera Woreda
Ethiopia,Tigray,Western Tigray Zone,May Gaba Town Woreda
Ethiopia,Tigray,Western Tigray Zone,May Kadra Town Woreda
Ethiopia,Tigray,Western Tigray Zone,Qorarit Town Woreda
Ethiopia,Tigray,Western Tigray Zone,Tsegede Woreda
Ethiopia,Tigray,Western Tigray Zone,Welkayit Woreda
